1,AACCGA,TTGAGT,AACCGA,AAGCAG,AACCGA,TTGAGT,AACCGA,TTGAGT
2,CCGGAA,TTGAGT,AGTGTT,AAGCAG,AAGTGT,TTGAGT,AAGTGT,TTGAGT
3,AGTGTT,TTGAGT,CCGCTG,AAGCAG,AGTGTT,TTGAGT,AGTGTT,TTGAGT
4,CCGCTG,TTGAGT,AACGCG,AAGCAG,CCGCTG,TTGAGT,CCGCTG,TTGAGT
5,AACGCG,TTGAGT,GGCTAC,AAGCAG,AACGCG,TTGAGT,AACGCG,TTGAGT
6,GGCTAC,TTGAGT,TTCTCG,AAGCAG,GGCTAC,TTGAGT,GGCTAC,TTGAGT
7,TTCTCG,TTGAGT,TCACTC,AAGCAG,TTCTCG,TTGAGT,TTCTCG,TTGAGT
8,TCACTC,TTGAGT,GAACTA,AAGCAG,TCACTC,TTGAGT,TCACTC,TTGAGT
9,AACCGA,AAGCAG,AACCGA,TTGCAA,AACCGA,AAGCAG,AACCGA,AAGCAG
10,CCGGAA,AAGCAG,AGTGTT,TTGCAA,AAGTGT,AAGCAG,AAGTGT,AAGCAG
11,AGTGTT,AAGCAG,CCGCTG,TTGCAA,AGTGTT,AAGCAG,AGTGTT,AAGCAG
12,CCGCTG,AAGCAG,AACGCG,TTGCAA,CCGCTG,AAGCAG,CCGCTG,AAGCAG
13,AACGCG,AAGCAG,GGCTAC,TTGCAA,AACGCG,AAGCAG,AACGCG,AAGCAG
14,GGCTAC,AAGCAG,TTCTCG,TTGCAA,GGCTAC,AAGCAG,GGCTAC,AAGCAG
15,TTCTCG,AAGCAG,TCACTC,TTGCAA,TTCTCG,AAGCAG,TTCTCG,AAGCAG
16,TCACTC,AAGCAG,GAACTA,TTGCAA,TCACTC,AAGCAG,TCACTC,AAGCAG
17,AACCGA,TTGCAA,AACCGA,CACGTA,AACCGA,TTGCAA,AACCGA,TTGCAA
18,CCGGAA,TTGCAA,AGTGTT,CACGTA,AAGTGT,TTGCAA,AAGTGT,TTGCAA
19,AGTGTT,TTGCAA,CCGCTG,CACGTA,AGTGTT,TTGCAA,AGTGTT,TTGCAA
20,CCGCTG,TTGCAA,AACGCG,CACGTA,CCGCTG,TTGCAA,CCGCTG,TTGCAA
21,AACGCG,TTGCAA,GGCTAC,CACGTA,AACGCG,TTGCAA,AACGCG,TTGCAA
22,GGCTAC,TTGCAA,TTCTCG,CACGTA,GGCTAC,TTGCAA,GGCTAC,TTGCAA
23,TTCTCG,TTGCAA,TCACTC,CACGTA,TTCTCG,TTGCAA,TTCTCG,TTGCAA
24,TCACTC,TTGCAA,GAACTA,CACGTA,TCACTC,TTGCAA,TCACTC,TTGCAA
25,AACCGA,CACGTA,AACCGA,GGTCGA,AACCGA,CACGTA,AACCGA,CACGTA
26,CCGGAA,CACGTA,AGTGTT,GGTCGA,AAGTGT,CACGTA,AAGTGT,CACGTA
27,AGTGTT,CACGTA,CCGCTG,GGTCGA,AGTGTT,CACGTA,AGTGTT,CACGTA
28,CCGCTG,CACGTA,AACGCG,GGTCGA,CCGCTG,CACGTA,CCGCTG,CACGTA
29,AACGCG,CACGTA,GGCTAC,GGTCGA,AACGCG,CACGTA,AACGCG,CACGTA
30,GGCTAC,CACGTA,TTCTCG,GGTCGA,GGCTAC,CACGTA,GGCTAC,CACGTA
31,TTCTCG,CACGTA,TCACTC,GGTCGA,TTCTCG,CACGTA,TTCTCG,CACGTA
32,TCACTC,CACGTA,GAACTA,GGTCGA,TCACTC,CACGTA,TCACTC,CACGTA
33,AACCGA,TAACAT,AACCGA,TCCAGC,AACCGA,TAACAT,AACCGA,TAACAT
34,CCGGAA,TAACAT,AGTGTT,TCCAGC,AAGTGT,TAACAT,AAGTGT,TAACAT
35,AGTGTT,TAACAT,CCGCTG,TCCAGC,AGTGTT,TAACAT,AGTGTT,TAACAT
36,CCGCTG,TAACAT,AACGCG,TCCAGC,CCGCTG,TAACAT,CCGCTG,TAACAT
37,AACGCG,TAACAT,GGCTAC,TCCAGC,AACGCG,TAACAT,AACGCG,TAACAT
38,GGCTAC,TAACAT,TTCTCG,TCCAGC,GGCTAC,TAACAT,GGCTAC,TAACAT
39,TTCTCG,TAACAT,TCACTC,TCCAGC,TTCTCG,TAACAT,TTCTCG,TAACAT
40,TCACTC,TAACAT,GAACTA,TCCAGC,TCACTC,TAACAT,TCACTC,TAACAT
41,AACCGA,GGTCGA,AACCGA,ACTTCA,AACCGA,GGTCGA,AACCGA,GGTCGA
42,CCGGAA,GGTCGA,AGTGTT,ACTTCA,AAGTGT,GGTCGA,AAGTGT,GGTCGA
43,AGTGTT,GGTCGA,CCGCTG,ACTTCA,AGTGTT,GGTCGA,AGTGTT,GGTCGA
44,CCGCTG,GGTCGA,AACGCG,ACTTCA,CCGCTG,GGTCGA,CCGCTG,GGTCGA
45,AACGCG,GGTCGA,GGCTAC,ACTTCA,AACGCG,GGTCGA,AACGCG,GGTCGA
46,GGCTAC,GGTCGA,TTCTCG,ACTTCA,GGCTAC,GGTCGA,GGCTAC,GGTCGA
47,TTCTCG,GGTCGA,TCACTC,ACTTCA,TTCTCG,GGTCGA,TTCTCG,GGTCGA
48,TCACTC,GGTCGA,GAACTA,ACTTCA,TCACTC,GGTCGA,TCACTC,GGTCGA
49,AACCGA,CTTGGT,AACCGA,GCGAGA,AACCGA,CTTGGT,AACCGA,CTTGGT
50,CCGGAA,CTTGGT,AGTGTT,GCGAGA,AAGTGT,CTTGGT,AAGTGT,CTTGGT
51,AGTGTT,CTTGGT,CCGCTG,GCGAGA,AGTGTT,CTTGGT,AGTGTT,CTTGGT
52,CCGCTG,CTTGGT,AACGCG,GCGAGA,CCGCTG,CTTGGT,CCGCTG,CTTGGT
53,AACGCG,CTTGGT,GGCTAC,GCGAGA,AACGCG,CTTGGT,AACGCG,CTTGGT
54,GGCTAC,CTTGGT,TTCTCG,GCGAGA,GGCTAC,CTTGGT,GGCTAC,CTTGGT
55,TTCTCG,CTTGGT,TCACTC,GCGAGA,TTCTCG,CTTGGT,TTCTCG,CTTGGT
56,TCACTC,CTTGGT,GAACTA,GCGAGA,TCACTC,CTTGGT,TCACTC,CTTGGT
57,AACCGA,TCCAGC,AACCGA,TGGAAC,AACCGA,TCCAGC,AACCGA,TCCAGC
58,CCGGAA,TCCAGC,AGTGTT,TGGAAC,AAGTGT,TCCAGC,AAGTGT,TCCAGC
59,AGTGTT,TCCAGC,CCGCTG,TGGAAC,AGTGTT,TCCAGC,AGTGTT,TCCAGC
60,CCGCTG,TCCAGC,AACGCG,TGGAAC,CCGCTG,TCCAGC,CCGCTG,TCCAGC
61,AACGCG,TCCAGC,GGCTAC,TGGAAC,AACGCG,TCCAGC,AACGCG,TCCAGC
62,GGCTAC,TCCAGC,TTCTCG,TGGAAC,GGCTAC,TCCAGC,GGCTAC,TCCAGC
63,TTCTCG,TCCAGC,TCACTC,TGGAAC,TTCTCG,TCCAGC,TTCTCG,TCCAGC
64,TCACTC,TCCAGC,GAACTA,TGGAAC,TCACTC,TCCAGC,TCACTC,TCCAGC
65,AACCGA,ACTTCA,AACCGA,CGAATC,AACCGA,ACTTCA,AACCGA,ACTTCA
66,CCGGAA,ACTTCA,AGTGTT,CGAATC,AAGTGT,ACTTCA,AAGTGT,ACTTCA
67,AGTGTT,ACTTCA,CCGCTG,CGAATC,AGTGTT,ACTTCA,AGTGTT,ACTTCA
68,CCGCTG,ACTTCA,AACGCG,CGAATC,CCGCTG,ACTTCA,CCGCTG,ACTTCA
69,AACGCG,ACTTCA,GGCTAC,CGAATC,AACGCG,ACTTCA,AACGCG,ACTTCA
70,GGCTAC,ACTTCA,TTCTCG,CGAATC,GGCTAC,ACTTCA,GGCTAC,ACTTCA
71,TTCTCG,ACTTCA,TCACTC,CGAATC,TTCTCG,ACTTCA,TTCTCG,ACTTCA
72,TCACTC,ACTTCA,GAACTA,CGAATC,TCACTC,ACTTCA,TCACTC,ACTTCA
73,AACCGA,GCGAGA,AACCGA,AAGGTC,AACCGA,GCGAGA,AACCGA,GCGAGA
74,CCGGAA,GCGAGA,AGTGTT,AAGGTC,AAGTGT,GCGAGA,AAGTGT,GCGAGA
75,AGTGTT,GCGAGA,CCGCTG,AAGGTC,AGTGTT,GCGAGA,AGTGTT,GCGAGA
76,CCGCTG,GCGAGA,AACGCG,AAGGTC,CCGCTG,GCGAGA,CCGCTG,GCGAGA
77,AACGCG,GCGAGA,GGCTAC,AAGGTC,AACGCG,GCGAGA,AACGCG,GCGAGA
78,GGCTAC,GCGAGA,TTCTCG,AAGGTC,GGCTAC,GCGAGA,GGCTAC,GCGAGA
79,TTCTCG,GCGAGA,TCACTC,AAGGTC,TTCTCG,GCGAGA,TTCTCG,GCGAGA
80,TCACTC,GCGAGA,GAACTA,AAGGTC,TCACTC,GCGAGA,TCACTC,GCGAGA
81,AACCGA,TGGAAC,AACCGA,GGCGCA,AACCGA,TGGAAC,AACCGA,TGGAAC
82,CCGGAA,TGGAAC,AGTGTT,GGCGCA,AAGTGT,TGGAAC,AAGTGT,TGGAAC
83,AGTGTT,TGGAAC,CCGCTG,GGCGCA,AGTGTT,TGGAAC,AGTGTT,TGGAAC
84,CCGCTG,TGGAAC,AACGCG,GGCGCA,CCGCTG,TGGAAC,CCGCTG,TGGAAC
85,AACGCG,TGGAAC,GGCTAC,GGCGCA,AACGCG,TGGAAC,AACGCG,TGGAAC
86,GGCTAC,TGGAAC,TTCTCG,GGCGCA,GGCTAC,TGGAAC,GGCTAC,TGGAAC
87,TTCTCG,TGGAAC,TCACTC,GGCGCA,TTCTCG,TGGAAC,TTCTCG,TGGAAC
88,TCACTC,TGGAAC,GAACTA,GGCGCA,TCACTC,TGGAAC,TCACTC,TGGAAC
89,AACCGA,CGAATC,AACCGA,AGAGAC,AACCGA,CGAATC,AACCGA,CGAATC
90,CCGGAA,CGAATC,AGTGTT,AGAGAC,AAGTGT,CGAATC,AAGTGT,CGAATC
91,AGTGTT,CGAATC,CCGCTG,AGAGAC,AGTGTT,CGAATC,AGTGTT,CGAATC
92,CCGCTG,CGAATC,AACGCG,AGAGAC,CCGCTG,CGAATC,CCGCTG,CGAATC
93,AACGCG,CGAATC,GGCTAC,AGAGAC,AACGCG,CGAATC,AACGCG,CGAATC
94,GGCTAC,CGAATC,TTCTCG,AGAGAC,GGCTAC,CGAATC,GGCTAC,CGAATC
95,TTCTCG,CGAATC,TCACTC,AGAGAC,TTCTCG,CGAATC,TTCTCG,CGAATC
96,TCACTC,CGAATC,GAACTA,AGAGAC,TCACTC,CGAATC,TCACTC,CGAATC
97,GAACTA,TTGAGT,CACAGT,AAGCAG,GAACTA,TTGAGT,GAACTA,TTGAGT
98,CACAGT,TTGAGT,CAATCG,AAGCAG,CACAGT,TTGAGT,CACAGT,TTGAGT
99,CAATCG,TTGAGT,CCGTCC,AAGCAG,CAATCG,TTGAGT,CAATCG,TTGAGT
100,CCGTCC,TTGAGT,AAGACA,AAGCAG,CCGTCC,TTGAGT,CCGTCC,TTGAGT
101,AAGACA,TTGAGT,GGTAAG,AAGCAG,AAGACA,TTGAGT,AAGACA,TTGAGT
102,GGTAAG,TTGAGT,ATAATT,AAGCAG,GGTAAG,TTGAGT,GGTAAG,TTGAGT
103,ATAATT,TTGAGT,CGTCAC,AAGCAG,ATAATT,TTGAGT,ATAATT,TTGAGT
104,CGTCAC,TTGAGT,AAGTGT,AAGCAG,CGTCAC,TTGAGT,CGTCAC,TTGAGT
105,GAACTA,AAGCAG,CACAGT,TTGCAA,GAACTA,AAGCAG,GAACTA,AAGCAG
106,CACAGT,AAGCAG,CAATCG,TTGCAA,CACAGT,AAGCAG,CACAGT,AAGCAG
107,CAATCG,AAGCAG,CCGTCC,TTGCAA,CAATCG,AAGCAG,CAATCG,AAGCAG
108,CCGTCC,AAGCAG,AAGACA,TTGCAA,CCGTCC,AAGCAG,CCGTCC,AAGCAG
109,AAGACA,AAGCAG,GGTAAG,TTGCAA,AAGACA,AAGCAG,AAGACA,AAGCAG
110,GGTAAG,AAGCAG,ATAATT,TTGCAA,GGTAAG,AAGCAG,GGTAAG,AAGCAG
111,ATAATT,AAGCAG,CGTCAC,TTGCAA,ATAATT,AAGCAG,ATAATT,AAGCAG
112,CGTCAC,AAGCAG,AAGTGT,TTGCAA,CGTCAC,AAGCAG,CGTCAC,AAGCAG
113,GAACTA,TTGCAA,CACAGT,CACGTA,GAACTA,TTGCAA,GAACTA,TTGCAA
114,CACAGT,TTGCAA,CAATCG,CACGTA,CACAGT,TTGCAA,CACAGT,TTGCAA
115,CAATCG,TTGCAA,CCGTCC,CACGTA,CAATCG,TTGCAA,CAATCG,TTGCAA
116,CCGTCC,TTGCAA,AAGACA,CACGTA,CCGTCC,TTGCAA,CCGTCC,TTGCAA
117,AAGACA,TTGCAA,GGTAAG,CACGTA,AAGACA,TTGCAA,AAGACA,TTGCAA
118,GGTAAG,TTGCAA,ATAATT,CACGTA,GGTAAG,TTGCAA,GGTAAG,TTGCAA
119,ATAATT,TTGCAA,CGTCAC,CACGTA,ATAATT,TTGCAA,ATAATT,TTGCAA
120,CGTCAC,TTGCAA,AAGTGT,CACGTA,CGTCAC,TTGCAA,CGTCAC,TTGCAA
121,GAACTA,CACGTA,CACAGT,GGTCGA,GAACTA,CACGTA,GAACTA,CACGTA
122,CACAGT,CACGTA,CAATCG,GGTCGA,CACAGT,CACGTA,CACAGT,CACGTA
123,CAATCG,CACGTA,CCGTCC,GGTCGA,CAATCG,CACGTA,CAATCG,CACGTA
124,CCGTCC,CACGTA,AAGACA,GGTCGA,CCGTCC,CACGTA,CCGTCC,CACGTA
125,AAGACA,CACGTA,GGTAAG,GGTCGA,AAGACA,CACGTA,AAGACA,CACGTA
126,GGTAAG,CACGTA,ATAATT,GGTCGA,GGTAAG,CACGTA,GGTAAG,CACGTA
127,ATAATT,CACGTA,CGTCAC,GGTCGA,ATAATT,CACGTA,ATAATT,CACGTA
128,CGTCAC,CACGTA,AAGTGT,GGTCGA,CGTCAC,CACGTA,CGTCAC,CACGTA
129,GAACTA,TAACAT,CACAGT,TCCAGC,GAACTA,TAACAT,GAACTA,TAACAT
130,CACAGT,TAACAT,CAATCG,TCCAGC,CACAGT,TAACAT,CACAGT,TAACAT
131,CAATCG,TAACAT,CCGTCC,TCCAGC,CAATCG,TAACAT,CAATCG,TAACAT
132,CCGTCC,TAACAT,AAGACA,TCCAGC,CCGTCC,TAACAT,CCGTCC,TAACAT
133,AAGACA,TAACAT,GGTAAG,TCCAGC,AAGACA,TAACAT,AAGACA,TAACAT
134,GGTAAG,TAACAT,ATAATT,TCCAGC,GGTAAG,TAACAT,GGTAAG,TAACAT
135,ATAATT,TAACAT,CGTCAC,TCCAGC,ATAATT,TAACAT,ATAATT,TAACAT
136,CGTCAC,TAACAT,AAGTGT,TCCAGC,CGTCAC,TAACAT,CGTCAC,TAACAT
137,GAACTA,GGTCGA,CACAGT,ACTTCA,GAACTA,GGTCGA,GAACTA,GGTCGA
138,CACAGT,GGTCGA,CAATCG,ACTTCA,CACAGT,GGTCGA,CACAGT,GGTCGA
139,CAATCG,GGTCGA,CCGTCC,ACTTCA,CAATCG,GGTCGA,CAATCG,GGTCGA
140,CCGTCC,GGTCGA,AAGACA,ACTTCA,CCGTCC,GGTCGA,CCGTCC,GGTCGA
141,AAGACA,GGTCGA,GGTAAG,ACTTCA,AAGACA,GGTCGA,AAGACA,GGTCGA
142,GGTAAG,GGTCGA,ATAATT,ACTTCA,GGTAAG,GGTCGA,GGTAAG,GGTCGA
143,ATAATT,GGTCGA,CGTCAC,ACTTCA,ATAATT,GGTCGA,ATAATT,GGTCGA
144,CGTCAC,GGTCGA,AAGTGT,ACTTCA,CGTCAC,GGTCGA,CGTCAC,GGTCGA
