individual,locus,variant,count
133,1,Mama_DRB1_03,22
133,1,Mama_DRB1_01,22
133,3,Mama_UB_02,20
133,3,Mama_UB_01,27
133,2,Mama_DRB2_01,16
133,2,Mama_DRB2_03,11
133,4,Mama_UD_01,50
131,1,Mama_DRB1_01,7
131,3,Mama_UB_02,5
131,3,Mama_UB_01,9
131,4,Mama_UD_01,14
130,1,Mama_DRB1_02,34
130,1,Mama_DRB1_05,38
130,3,Mama_UB_02,20
130,3,Mama_UB_01,13
130,2,Mama_DRB2_02,45
130,2,Mama_DRB2_03,23
130,4,Mama_UD_01,41
130,4,Mama_UD_03,33
137,2,Mama_DRB2_01,5
137,2,Mama_DRB2_02,6
136,1,Mama_DRB1_01,7
136,1,Mama_DRB1_02,11
136,3,Mama_UB_01,32
136,2,Mama_DRB2_01,10
136,2,Mama_DRB2_02,26
136,4,Mama_UD_01,31
135,1,Mama_DRB1_01,31
135,1,Mama_DRB1_03,35
135,3,Mama_UB_02,28
135,3,Mama_UB_01,13
135,2,Mama_DRB2_02,6
135,2,Mama_DRB2_03,18
135,2,Mama_DRB2_01,8
135,4,Mama_UD_01,48
134,1,Mama_DRB1_02,18
134,1,Mama_DRB1_05,35
134,3,Mama_UB_02,11
134,3,Mama_UB_01,18
134,2,Mama_DRB2_02,43
134,4,Mama_UD_01,20
134,4,Mama_UD_03,12
139,3,Mama_UB_01,7
139,2,Mama_DRB2_02,43
138,1,Mama_DRB1_01,9
138,1,Mama_DRB1_04,11
138,3,Mama_UB_01,16
138,2,Mama_DRB2_01,13
138,2,Mama_DRB2_02,23
138,2,Mama_DRB2_03,14
24,1,Mama_DRB1_01,25
24,1,Mama_DRB1_03,27
24,3,Mama_UB_02,39
24,2,Mama_DRB2_01,3
24,2,Mama_DRB2_03,12
24,4,Mama_UD_01,31
24,4,Mama_UD_03,18
25,1,Mama_DRB1_02,41
25,1,Mama_DRB1_06,37
25,3,Mama_UB_01,25
25,2,Mama_DRB2_03,7
25,2,Mama_DRB2_02,15
25,4,Mama_UD_01,39
27,1,Mama_DRB1_01,9
27,1,Mama_DRB1_03,7
27,4,Mama_UD_01,6
27,4,Mama_UD_03,11
21,1,Mama_DRB1_01,37
21,3,Mama_UB_02,21
21,3,Mama_UB_01,16
21,2,Mama_DRB2_01,27
21,4,Mama_UD_01,17
21,4,Mama_UD_03,22
22,1,Mama_DRB1_01,39
22,3,Mama_UB_02,10
22,3,Mama_UB_01,4
22,2,Mama_DRB2_01,19
22,2,Mama_DRB2_03,18
22,4,Mama_UD_01,20
22,4,Mama_UD_03,19
23,1,Mama_DRB1_01,16
23,3,Mama_UB_01,12
23,3,Mama_UB_02,24
23,2,Mama_DRB2_03,5
23,4,Mama_UD_01,13
23,4,Mama_UD_03,9
29,1,Mama_DRB1_01,26
29,1,Mama_DRB1_02,14
29,3,Mama_UB_01,39
29,4,Mama_UD_01,28
8,1,Mama_DRB1_03,10
8,1,Mama_DRB1_04,4
8,3,Mama_UB_02,12
8,3,Mama_UB_01,10
121,3,Mama_UB_02,8
123,1,Mama_DRB1_01,11
123,1,Mama_DRB1_03,14
123,3,Mama_UB_02,35
123,3,Mama_UB_01,21
123,4,Mama_UD_01,29
125,1,Mama_DRB1_01,31
125,1,Mama_DRB1_03,18
125,3,Mama_UB_01,34
125,4,Mama_UD_01,34
126,1,Mama_DRB1_02,29
126,3,Mama_UB_02,9
126,3,Mama_UB_01,10
126,2,Mama_DRB2_02,17
126,4,Mama_UD_01,17
126,4,Mama_UD_03,16
127,1,Mama_DRB1_01,34
127,1,Mama_DRB1_03,33
127,3,Mama_UB_02,23
127,3,Mama_UB_01,18
127,2,Mama_DRB2_02,15
127,2,Mama_DRB2_03,17
127,4,Mama_UD_01,41
128,1,Mama_DRB1_02,38
128,1,Mama_DRB1_05,40
128,3,Mama_UB_02,27
128,3,Mama_UB_01,24
128,2,Mama_DRB2_02,17
128,4,Mama_UD_01,26
128,4,Mama_UD_03,29
129,1,Mama_DRB1_03,14
129,1,Mama_DRB1_02,28
129,3,Mama_UB_01,20
129,2,Mama_DRB2_02,70
129,2,Mama_DRB2_03,33
129,4,Mama_UD_01,43
59,1,Mama_DRB1_03,12
59,3,Mama_UB_02,15
59,2,Mama_DRB2_02,10
59,2,Mama_DRB2_03,3
59,4,Mama_UD_01,9
59,4,Mama_UD_03,7
59,4,NewAllele_1515,3
58,1,Mama_DRB1_03,12
58,1,Mama_DRB1_06,24
58,3,Mama_UB_02,15
58,3,Mama_UB_01,16
58,2,Mama_DRB2_01,16
58,2,Mama_DRB2_02,7
58,2,Mama_DRB2_03,28
58,4,Mama_UD_01,46
55,1,Mama_DRB1_01,19
55,1,Mama_DRB1_03,14
55,3,Mama_UB_02,21
55,3,Mama_UB_01,17
55,2,Mama_DRB2_02,8
55,2,Mama_DRB2_03,15
55,4,Mama_UD_01,33
54,1,Mama_DRB1_01,12
54,3,Mama_UB_02,14
54,3,Mama_UB_01,7
54,2,Mama_DRB2_03,12
54,4,Mama_UD_03,21
57,1,Mama_DRB1_03,19
57,1,Mama_DRB1_02,27
57,2,Mama_DRB2_02,27
56,1,Mama_DRB1_01,36
56,1,Mama_DRB1_02,33
56,3,Mama_UB_01,119
56,4,Mama_UD_01,47
51,1,Mama_DRB1_01,68
51,3,Mama_UB_02,29
51,3,Mama_UB_01,25
51,2,Mama_DRB2_03,14
51,4,Mama_UD_01,17
51,4,Mama_UD_03,22
50,1,Mama_DRB1_03,9
50,1,Mama_DRB1_01,29
50,3,Mama_UB_02,41
50,2,Mama_DRB2_02,9
50,2,Mama_DRB2_03,3
50,4,Mama_UD_01,18
50,4,Mama_UD_03,8
53,1,Mama_DRB1_01,8
53,1,Mama_DRB1_06,15
53,3,Mama_UB_02,14
53,3,Mama_UB_01,23
53,4,Mama_UD_01,6
53,4,Mama_UD_03,9
52,1,Mama_DRB1_01,13
52,1,Mama_DRB1_06,12
52,3,Mama_UB_02,9
52,3,Mama_UB_01,10
52,4,Mama_UD_01,9
52,4,Mama_UD_03,15
115,1,Mama_DRB1_01,5
115,1,Mama_DRB1_02,6
115,3,Mama_UB_01,11
114,1,Mama_DRB1_01,25
114,1,Mama_DRB1_02,21
114,3,Mama_UB_01,39
114,2,Mama_DRB2_01,14
114,2,Mama_DRB2_02,29
114,2,Mama_DRB2_03,9
114,4,Mama_UD_01,46
117,1,Mama_DRB1_03,5
117,1,Mama_DRB1_02,8
117,4,Mama_UD_01,14
116,1,Mama_DRB1_01,17
116,1,Mama_DRB1_06,28
116,3,Mama_UB_01,42
116,2,Mama_DRB2_01,33
116,2,Mama_DRB2_03,29
116,4,Mama_UD_01,74
111,1,Mama_DRB1_01,39
111,1,Mama_DRB1_02,48
111,3,Mama_UB_01,51
111,2,Mama_DRB2_01,14
111,2,Mama_DRB2_02,23
111,2,Mama_DRB2_03,16
111,4,Mama_UD_01,24
111,4,NewAllele_1388,6
110,1,Mama_DRB1_01,12
110,1,Mama_DRB1_02,9
110,3,Mama_UB_02,5
110,3,Mama_UB_01,16
110,2,Mama_DRB2_01,25
110,2,Mama_DRB2_02,33
110,2,Mama_DRB2_03,13
110,4,Mama_UD_01,11
110,4,Mama_UD_03,7
113,1,Mama_DRB1_01,70
113,1,Mama_DRB1_02,60
113,3,Mama_UB_01,44
113,2,Mama_DRB2_01,54
113,2,Mama_DRB2_02,89
113,2,Mama_DRB2_03,45
113,4,Mama_UD_01,78
112,1,Mama_DRB1_01,10
112,1,Mama_DRB1_02,15
112,3,Mama_UB_01,43
112,2,Mama_DRB2_01,17
112,2,Mama_DRB2_02,33
112,2,Mama_DRB2_03,11
112,4,Mama_UD_01,36
82,1,Mama_DRB1_02,4
82,1,Mama_DRB1_08,13
82,3,Mama_UB_01,28
82,4,Mama_UD_01,10
82,4,Mama_UD_02,13
83,1,Mama_DRB1_02,27
83,3,Mama_UB_01,39
83,4,Mama_UD_01,30
81,1,Mama_DRB1_02,13
81,3,Mama_UB_01,13
86,1,NewAllele_80,3
86,1,Mama_DRB1_08,10
86,1,Mama_DRB1_07,12
86,3,Mama_UB_01,30
86,2,Mama_DRB2_02,11
86,4,Mama_UD_01,22
87,1,Mama_DRB1_01,38
87,1,Mama_DRB1_02,27
87,3,Mama_UB_01,50
87,2,Mama_DRB2_02,10
87,2,Mama_DRB2_03,5
87,4,Mama_UD_01,57
84,1,Mama_DRB1_08,13
84,1,Mama_DRB1_07,8
84,3,Mama_UB_01,24
84,4,Mama_UD_01,12
85,1,Mama_DRB1_01,21
85,1,Mama_DRB1_02,17
85,3,Mama_UB_01,43
85,4,Mama_UD_01,34
3,1,Mama_DRB1_03,16
3,1,Mama_DRB1_02,24
3,3,Mama_UB_02,13
3,3,Mama_UB_01,19
3,2,Mama_DRB2_02,12
3,4,Mama_UD_01,18
7,3,Mama_UB_01,16
7,4,Mama_UD_01,12
108,1,Mama_DRB1_01,22
108,1,Mama_DRB1_06,24
108,3,Mama_UB_01,19
108,2,Mama_DRB2_01,39
108,2,Mama_DRB2_03,55
108,4,Mama_UD_01,25
109,1,Mama_DRB1_01,26
109,1,Mama_DRB1_02,29
109,3,Mama_UB_01,32
109,2,Mama_DRB2_01,14
109,2,Mama_DRB2_02,26
109,4,Mama_UD_01,33
102,1,Mama_DRB1_01,34
102,1,Mama_DRB1_03,23
102,3,NewAllele_916,3
102,3,NewAllele_885,3
102,3,Mama_UB_02,12
102,2,Mama_DRB2_01,18
102,2,Mama_DRB2_02,14
102,2,Mama_DRB2_03,29
102,4,Mama_UD_01,10
102,4,Mama_UD_03,16
103,1,Mama_DRB1_03,36
103,1,Mama_DRB1_01,32
103,3,Mama_UB_02,16
103,3,Mama_UB_01,12
103,2,Mama_DRB2_01,10
103,2,Mama_DRB2_02,9
103,2,Mama_DRB2_03,20
103,4,Mama_UD_01,24
100,1,Mama_DRB1_01,32
100,1,Mama_DRB1_04,24
100,3,Mama_UB_01,24
100,2,Mama_DRB2_01,28
100,2,Mama_DRB2_02,54
100,2,Mama_DRB2_03,20
100,4,Mama_UD_01,35
101,1,Mama_DRB1_02,67
101,3,Mama_UB_01,33
101,2,Mama_DRB2_02,40
101,4,Mama_UD_01,60
106,1,Mama_DRB1_01,15
106,1,Mama_DRB1_07,19
106,3,Mama_UB_01,13
106,2,Mama_DRB2_02,19
106,2,Mama_DRB2_01,6
106,2,Mama_DRB2_03,7
106,4,Mama_UD_01,28
107,1,Mama_DRB1_01,27
107,1,Mama_DRB1_02,27
107,3,Mama_UB_02,31
107,3,Mama_UB_01,19
107,2,Mama_DRB2_01,18
107,2,Mama_DRB2_02,27
107,2,Mama_DRB2_03,12
107,4,Mama_UD_01,37
107,4,Mama_UD_03,46
104,1,Mama_DRB1_01,26
104,1,Mama_DRB1_02,28
104,3,Mama_UB_01,49
104,2,Mama_DRB2_01,10
104,2,Mama_DRB2_02,13
104,2,Mama_DRB2_03,5
104,4,Mama_UD_01,11
39,1,Mama_DRB1_01,14
39,3,Mama_UB_01,17
39,2,NewAllele_275,3
39,2,Mama_DRB2_01,5
39,2,Mama_DRB2_03,8
39,4,Mama_UD_01,18
38,1,Mama_DRB1_01,21
38,3,Mama_UB_01,24
38,2,Mama_DRB2_01,29
38,2,Mama_DRB2_03,15
38,4,Mama_UD_01,20
38,4,NewAllele_1682,5
33,1,Mama_DRB1_03,27
33,1,Mama_DRB1_02,27
33,3,Mama_UB_02,17
33,3,Mama_UB_01,16
33,2,Mama_DRB2_02,44
33,2,Mama_DRB2_03,14
33,4,Mama_UD_01,36
32,1,Mama_DRB1_01,9
32,1,Mama_DRB1_02,8
32,3,Mama_UB_01,24
32,4,Mama_UD_01,6
32,4,Mama_UD_02,4
31,3,Mama_UB_01,15
31,4,Mama_UD_01,10
31,4,Mama_UD_02,4
30,1,Mama_DRB1_01,14
30,1,Mama_DRB1_02,14
30,3,NewAllele_883,4
30,3,Mama_UB_01,12
30,2,Mama_DRB2_02,7
30,2,Mama_DRB2_03,9
30,4,Mama_UD_01,30
37,1,Mama_DRB1_01,21
37,1,Mama_DRB1_02,37
37,3,Mama_UB_01,33
37,2,Mama_DRB2_01,3
37,4,Mama_UD_01,24
36,1,Mama_DRB1_01,4
36,1,Mama_DRB1_06,6
36,3,Mama_UB_01,15
36,4,Mama_UD_01,10
35,1,Mama_DRB1_03,28
35,1,Mama_DRB1_02,61
35,3,Mama_UB_02,19
35,3,Mama_UB_01,23
35,2,Mama_DRB2_02,62
35,2,Mama_DRB2_03,20
35,4,Mama_UD_01,56
34,1,Mama_DRB1_02,11
34,1,Mama_DRB1_06,15
34,3,Mama_UB_01,24
34,2,Mama_DRB2_02,15
34,4,Mama_UD_01,9
34,4,NewAllele_1453,3
60,1,Mama_DRB1_01,19
60,3,Mama_UB_01,23
60,2,Mama_DRB2_01,20
60,2,Mama_DRB2_03,13
60,4,Mama_UD_01,27
61,1,Mama_DRB1_01,25
61,3,Mama_UB_02,18
61,3,Mama_UB_01,13
61,2,Mama_DRB2_01,33
61,4,Mama_UD_03,30
61,4,Mama_UD_01,28
62,3,Mama_UB_02,10
62,3,Mama_UB_01,13
62,2,Mama_DRB2_01,12
62,2,Mama_DRB2_03,7
62,4,Mama_UD_01,12
62,4,Mama_UD_03,12
62,4,NewAllele_1656,3
62,4,NewAllele_1682,3
64,3,Mama_UB_01,35
64,4,Mama_UD_01,12
65,1,Mama_DRB1_02,16
65,1,Mama_DRB1_07,14
65,3,Mama_UB_01,10
65,2,Mama_DRB2_02,26
65,4,Mama_UD_01,18
66,1,Mama_DRB1_01,6
66,1,Mama_DRB1_07,13
66,3,Mama_UB_01,24
66,2,Mama_DRB2_02,6
66,2,Mama_DRB2_03,3
66,4,Mama_UD_01,8
67,1,Mama_DRB1_01,10
67,1,Mama_DRB1_02,14
67,3,Mama_UB_01,35
67,2,Mama_DRB2_01,5
67,2,Mama_DRB2_02,12
67,2,Mama_DRB2_03,9
67,4,Mama_UD_01,25
67,4,Mama_UD_02,16
68,1,Mama_DRB1_02,11
68,3,Mama_UB_01,24
68,2,Mama_DRB2_02,14
68,4,Mama_UD_01,10
68,4,Mama_UD_02,9
69,1,Mama_DRB1_03,39
69,3,Mama_UB_02,31
69,2,Mama_DRB2_03,25
69,4,Mama_UD_01,18
69,4,Mama_UD_03,31
2,1,Mama_DRB1_01,20
2,1,Mama_DRB1_03,25
2,3,Mama_UB_02,20
2,2,Mama_DRB2_01,11
2,2,Mama_DRB2_02,5
2,2,Mama_DRB2_03,18
2,4,Mama_UD_01,17
2,4,Mama_UD_03,22
6,3,Mama_UB_02,34
6,2,Mama_DRB2_01,6
6,2,Mama_DRB2_02,7
6,2,Mama_DRB2_03,5
6,4,Mama_UD_01,3
6,4,Mama_UD_03,9
99,1,Mama_DRB1_06,11
99,1,Mama_DRB1_01,13
99,3,Mama_UB_01,44
99,2,Mama_DRB2_01,14
99,2,Mama_DRB2_03,10
99,4,Mama_UD_01,27
98,1,Mama_DRB1_01,37
98,1,Mama_DRB1_03,14
98,1,Mama_DRB1_02,34
98,3,Mama_UB_01,34
98,2,Mama_DRB2_01,12
98,2,Mama_DRB2_02,7
98,2,Mama_DRB2_03,10
98,4,Mama_UD_01,18
91,3,Mama_UB_01,17
90,1,Mama_DRB1_02,23
90,3,Mama_UB_01,42
90,2,Mama_DRB2_02,73
90,4,Mama_UD_01,49
93,1,Mama_DRB1_08,17
93,1,Mama_DRB1_07,11
93,3,Mama_UB_01,45
93,2,Mama_DRB2_02,21
93,4,Mama_UD_01,44
92,1,Mama_DRB1_08,6
92,1,Mama_DRB1_02,5
92,3,Mama_UB_01,25
92,2,Mama_DRB2_02,24
92,4,Mama_UD_01,13
92,4,Mama_UD_02,6
95,1,Mama_DRB1_01,24
95,1,Mama_DRB1_03,14
95,3,Mama_UB_02,50
95,2,Mama_DRB2_01,13
95,2,Mama_DRB2_02,14
95,2,Mama_DRB2_03,12
95,4,Mama_UD_01,28
95,4,Mama_UD_03,26
94,1,Mama_DRB1_01,22
94,3,Mama_UB_02,12
94,3,Mama_UB_01,9
94,2,Mama_DRB2_01,47
94,2,Mama_DRB2_03,45
94,4,Mama_UD_01,16
94,4,Mama_UD_03,17
11,3,Mama_UB_02,7
11,3,Mama_UB_01,5
10,3,Mama_UB_01,4
10,3,NewAllele_1130,4
10,2,NewAllele_178,3
10,2,Mama_DRB2_01,3
10,2,Mama_DRB2_03,3
15,1,Mama_DRB1_03,6
15,1,Mama_DRB1_02,8
15,3,Mama_UB_02,24
15,3,Mama_UB_01,37
15,2,Mama_DRB2_02,20
15,4,Mama_UD_01,16
15,4,Mama_UD_03,13
14,1,Mama_DRB1_03,18
14,1,Mama_DRB1_06,29
14,3,Mama_UB_01,7
14,3,Mama_UB_02,14
14,2,Mama_DRB2_01,13
14,2,Mama_DRB2_02,12
14,2,Mama_DRB2_03,23
14,4,Mama_UD_01,10
14,4,Mama_UD_03,7
17,4,Mama_UD_01,9
17,4,Mama_UD_03,4
19,1,Mama_DRB1_07,38
19,3,Mama_UB_01,27
19,2,Mama_DRB2_02,29
19,4,Mama_UD_01,46
18,1,Mama_DRB1_02,7
18,1,Mama_DRB1_06,7
18,3,Mama_UB_01,19
18,2,Mama_DRB2_01,6
18,2,Mama_DRB2_02,3
18,4,Mama_UD_01,10
89,1,Mama_DRB1_01,64
89,3,Mama_UB_01,82
89,2,Mama_DRB2_01,72
89,2,Mama_DRB2_03,58
89,4,Mama_UD_01,134
41,1,Mama_DRB1_01,12
41,1,Mama_DRB1_02,17
41,3,Mama_UB_01,17
41,2,Mama_DRB2_03,22
41,2,Mama_DRB2_01,22
41,2,Mama_DRB2_02,50
41,4,Mama_UD_01,28
48,1,Mama_DRB1_01,8
48,1,Mama_DRB1_03,6
48,3,Mama_UB_02,34
48,3,Mama_UB_01,32
48,2,Mama_DRB2_01,35
48,2,Mama_DRB2_03,26
48,4,Mama_UD_01,13
49,1,Mama_DRB1_01,10
49,1,Mama_DRB1_06,11
49,3,Mama_UB_01,24
49,2,Mama_DRB2_03,18
49,4,Mama_UD_01,39
46,2,Mama_DRB2_01,26
46,2,Mama_DRB2_03,22
47,3,Mama_UB_02,4
47,3,Mama_UB_01,8
47,2,Mama_DRB2_01,9
47,2,Mama_DRB2_02,18
47,2,Mama_DRB2_03,21
47,4,Mama_UD_01,17
44,2,Mama_DRB2_02,15
45,3,Mama_UB_02,4
45,3,Mama_UB_01,9
43,1,Mama_DRB1_01,10
43,1,Mama_DRB1_02,9
43,3,Mama_UB_01,8
43,2,Mama_DRB2_01,7
43,2,Mama_DRB2_02,23
43,2,Mama_DRB2_03,8
43,4,Mama_UD_01,10
40,1,Mama_DRB1_01,27
40,3,Mama_UB_01,39
40,2,Mama_DRB2_01,16
40,2,Mama_DRB2_03,4
40,2,NewAllele_376,4
40,4,Mama_UD_01,35
118,1,Mama_DRB1_01,28
118,3,Mama_UB_02,18
118,2,Mama_DRB2_03,30
118,2,Mama_DRB2_01,43
118,4,Mama_UD_03,49
1,1,Mama_DRB1_01,5
1,1,Mama_DRB1_03,5
1,2,Mama_DRB2_03,4
1,2,Mama_DRB2_02,4
1,4,Mama_UD_01,8
5,1,Mama_DRB1_01,20
5,3,Mama_UB_01,9
5,3,Mama_UB_02,5
5,4,Mama_UD_01,15
9,1,Mama_DRB1_01,11
144,2,Mama_DRB2_02,10
142,2,Mama_DRB2_02,18
143,2,Mama_DRB2_02,17
140,1,Mama_DRB1_02,10
140,1,Mama_DRB1_05,13
140,3,Mama_UB_01,15
140,2,Mama_DRB2_02,46
140,2,Mama_DRB2_03,18
140,4,Mama_UD_01,11
141,1,Mama_DRB1_08,39
141,1,Mama_DRB1_07,36
141,3,Mama_UB_01,21
141,2,Mama_DRB2_02,50
141,4,Mama_UD_01,12
75,2,Mama_DRB2_02,7
75,2,Mama_DRB2_03,3
74,2,Mama_DRB2_01,7
74,2,Mama_DRB2_02,8
74,4,Mama_UD_01,9
74,4,Mama_UD_03,7
73,2,Mama_DRB2_01,5
73,2,Mama_DRB2_03,5
72,1,Mama_DRB1_03,9
72,1,Mama_DRB1_06,3
72,3,Mama_UB_02,21
72,3,Mama_UB_01,35
72,4,Mama_UD_01,10
72,4,Mama_UD_03,13
71,1,Mama_DRB1_03,12
71,1,Mama_DRB1_02,3
71,3,Mama_UB_02,7
71,3,Mama_UB_01,25
71,2,Mama_DRB2_02,11
71,2,Mama_DRB2_03,4
71,4,Mama_UD_01,35
70,1,Mama_DRB1_03,15
70,3,Mama_UB_02,21
70,2,Mama_DRB2_02,12
70,2,Mama_DRB2_03,14
70,4,Mama_UD_01,12
70,4,Mama_UD_03,21
